"Status","Start Time","Stop Time","Duration in ms","Parent Suite","Suite","Sub Suite","Test Class","Test Method","Name","Description"
"passed","Sat Apr 04 09:20:11 EDT 2020","Sat Apr 04 09:20:11 EDT 2020","0","","Verify invalid login for multiple users | ilhan@sample.com | test123 |","","Verify invalid login for multiple users | ilhan@sample.com | test123 |","And I click on login button on home screen","And I click on login button on home screen",""
"passed","Sat Apr 04 09:21:25 EDT 2020","Sat Apr 04 09:21:25 EDT 2020","0","","Verify invalid login from messenger page","","Verify invalid login from messenger page","And I enter test123 into password field on the messenger page","And I enter test123 into password field on the messenger page",""
"passed","Sat Apr 04 09:21:15 EDT 2020","Sat Apr 04 09:21:15 EDT 2020","0","","Verify invalid login for multiple users | ismet@sample.com | asdr123 |","","Verify invalid login for multiple users | ismet@sample.com | asdr123 |","And I enter asdr123 into password text fields on home screen","And I enter asdr123 into password text fields on home screen",""
"passed","Sat Apr 04 09:21:25 EDT 2020","Sat Apr 04 09:21:25 EDT 2020","0","","Verify invalid login from messenger page","","Verify invalid login from messenger page","When I enter ilhanturkmen@siliconelabs.com into username field on the messenger page","When I enter ilhanturkmen@siliconelabs.com into username field on the messenger page",""
"passed","Sat Apr 04 09:20:43 EDT 2020","Sat Apr 04 09:20:43 EDT 2020","0","","Verify invalid login for multiple users | hasan@sample.com | wer1233 |","","Verify invalid login for multiple users | hasan@sample.com | wer1233 |","Given I am on home page","Given I am on home page",""
"passed","Sat Apr 04 09:20:43 EDT 2020","Sat Apr 04 09:20:43 EDT 2020","0","","Verify invalid login for multiple users | hasan@sample.com | wer1233 |","","Verify invalid login for multiple users | hasan@sample.com | wer1233 |","And I click on login button on home screen","And I click on login button on home screen",""
"passed","Sat Apr 04 09:20:43 EDT 2020","Sat Apr 04 09:20:43 EDT 2020","0","","Verify invalid login for multiple users | hasan@sample.com | wer1233 |","","Verify invalid login for multiple users | hasan@sample.com | wer1233 |","And I enter wer1233 into password text fields on home screen","And I enter wer1233 into password text fields on home screen",""
"passed","Sat Apr 04 09:21:14 EDT 2020","Sat Apr 04 09:21:14 EDT 2020","0","","Verify invalid login for multiple users | ismet@sample.com | asdr123 |","","Verify invalid login for multiple users | ismet@sample.com | asdr123 |","Given I am on home page","Given I am on home page",""
"passed","Sat Apr 04 09:21:25 EDT 2020","Sat Apr 04 09:21:25 EDT 2020","0","","Verify invalid login from messenger page","","Verify invalid login from messenger page","Given I am on messenger page","Given I am on messenger page",""
"passed","Sat Apr 04 09:21:15 EDT 2020","Sat Apr 04 09:21:15 EDT 2020","0","","Verify invalid login for multiple users | ismet@sample.com | asdr123 |","","Verify invalid login for multiple users | ismet@sample.com | asdr123 |","When I enter ismet@sample.com into username text fields on home screen","When I enter ismet@sample.com into username text fields on home screen",""
"passed","Sat Apr 04 09:21:20 EDT 2020","Sat Apr 04 09:21:20 EDT 2020","0","","Verify invalid login for multiple users | ismet@sample.com | asdr123 |","","Verify invalid login for multiple users | ismet@sample.com | asdr123 |","Then I verify that I am in invalid login page","Then I verify that I am in invalid login page",""
"passed","Sat Apr 04 09:20:11 EDT 2020","Sat Apr 04 09:20:11 EDT 2020","0","","Verify invalid login for multiple users | ilhan@sample.com | test123 |","","Verify invalid login for multiple users | ilhan@sample.com | test123 |","And I enter test123 into password text fields on home screen","And I enter test123 into password text fields on home screen",""
"passed","Sat Apr 04 09:21:27 EDT 2020","Sat Apr 04 09:21:27 EDT 2020","0","","Verify invalid login from messenger page","","Verify invalid login from messenger page","Then I verify invalid login message on sign in page","Then I verify invalid login message on sign in page",""
"passed","Sat Apr 04 09:20:43 EDT 2020","Sat Apr 04 09:20:43 EDT 2020","0","","Verify invalid login for multiple users | hasan@sample.com | wer1233 |","","Verify invalid login for multiple users | hasan@sample.com | wer1233 |","When I enter hasan@sample.com into username text fields on home screen","When I enter hasan@sample.com into username text fields on home screen",""
"passed","Sat Apr 04 09:21:15 EDT 2020","Sat Apr 04 09:21:15 EDT 2020","0","","Verify invalid login for multiple users | ismet@sample.com | asdr123 |","","Verify invalid login for multiple users | ismet@sample.com | asdr123 |","And I click on login button on home screen","And I click on login button on home screen",""
"passed","Sat Apr 04 09:20:11 EDT 2020","Sat Apr 04 09:20:11 EDT 2020","0","","Verify invalid login for multiple users | ilhan@sample.com | test123 |","","Verify invalid login for multiple users | ilhan@sample.com | test123 |","When I enter ilhan@sample.com into username text fields on home screen","When I enter ilhan@sample.com into username text fields on home screen",""
"passed","Sat Apr 04 09:20:10 EDT 2020","Sat Apr 04 09:20:10 EDT 2020","2","","Verify invalid login for multiple users | ilhan@sample.com | test123 |","","Verify invalid login for multiple users | ilhan@sample.com | test123 |","Given I am on home page","Given I am on home page",""
"passed","Sat Apr 04 09:21:27 EDT 2020","Sat Apr 04 09:21:27 EDT 2020","0","","Verify invalid login from messenger page","","Verify invalid login from messenger page","And I click on login button on messenger page","And I click on login button on messenger page",""
"passed","Sat Apr 04 09:21:11 EDT 2020","Sat Apr 04 09:21:11 EDT 2020","0","","Verify invalid login for multiple users | hasan@sample.com | wer1233 |","","Verify invalid login for multiple users | hasan@sample.com | wer1233 |","Then I verify that I am in invalid login page","Then I verify that I am in invalid login page",""
"passed","Sat Apr 04 09:20:39 EDT 2020","Sat Apr 04 09:20:39 EDT 2020","0","","Verify invalid login for multiple users | ilhan@sample.com | test123 |","","Verify invalid login for multiple users | ilhan@sample.com | test123 |","Then I verify that I am in invalid login page","Then I verify that I am in invalid login page",""
